details,title,spec,ratt,locality
https://www.swiggy.com/restaurants/mohan-sandwich-centre-c-p-tank-chowpatty-mumbai-137626,Mohan Sandwich centre,Snacks,4.6•-- MINS•₹150 FOR TWO,CHOWPATTY
https://www.swiggy.com/restaurants/panshikar-aahar-bhatwadi-near-st-teresas-chruch-chowpatty-mumbai-18378,Panshikar Aahar,"Maharashtrian, Street Food",4.4•-- MINS•₹150 FOR TWO,CHOWPATTY
https://www.swiggy.com/restaurants/yum-yum-chi-chowpatty-mumbai-295912,Yum Yum Chi,"Chinese, Continental, Pan-Asian",4.0•-- MINS•₹250 FOR TWO,CHOWPATTY
https://www.swiggy.com/restaurants/lunchbox-opp-mohar-baug-chowpatty-mumbai-62895,LunchBox,"North Indian, Chinese, Desserts, Biryani",4.3•-- MINS•₹200 FOR TWO,CHOWPATTY
https://www.swiggy.com/restaurants/barahandi-nagdevi-street-chowpatty-mumbai-318564,Barahandi,Indian,4.6•-- MINS•₹400 FOR TWO,CHOWPATTY
https://www.swiggy.com/restaurants/onomatopizza-chowpatty-mumbai-204427,Onomatopizza,Pizzas,3.8•-- MINS•₹300 FOR TWO,CHOWPATTY
https://www.swiggy.com/restaurants/trupti-girgaum-chowpatty-mumbai-99374,Trupti,"Snacks, Gujarati, Sweets",4.6•-- MINS•₹500 FOR TWO,CHOWPATTY
https://www.swiggy.com/restaurants/new-grand-restaurant-mahalaxmi-malabar-hill-chowpatty-mumbai-145372,New Grand Restaurant,"Indian, Chinese",4.1•-- MINS•₹500 FOR TWO,CHOWPATTY
https://www.swiggy.com/restaurants/tantra-gamdevi-chowpatty-mumbai-58954,Tantra,"Indian, Chinese, Continental",4.3•-- MINS•₹1000 FOR TWO,CHOWPATTY
https://www.swiggy.com/restaurants/delhi-rasoi-chowpatty-mumbai-381472,Delhi Rasoi,North Indian,--•-- MINS•₹500 FOR TWO,CHOWPATTY
https://www.swiggy.com/restaurants/dazzel-restaurant-dana-bandar-chowpatty-mumbai-147669,Dazzel Restaurant,"Indian, North Indian, Pizzas",--•-- MINS•₹200 FOR TWO,CHOWPATTY
https://www.swiggy.com/restaurants/ucc-urban-culture-cafe-chowpatty-mumbai-336312,UCC-URBAN CULTURE CAFE,"Fast Food, Snacks, Italian, Pizzas, Beverages, Cafe",3.3•-- MINS•₹200 FOR TWO,CHOWPATTY
https://www.swiggy.com/restaurants/sai-gomantak-lower-parel-worli-chowpatty-mumbai-224041,Sai Gomantak,"Goan, Malwani",4.1•-- MINS•₹300 FOR TWO,CHOWPATTY
https://www.swiggy.com/restaurants/the-brooklyn-creamery-low-cal-ice-cream-marine-lines-chowpatty-mumbai-379043,The Brooklyn Creamery - Low Cal Ice cream,"Desserts, Ice Cream, Healthy Food",--•-- MINS•₹200 FOR TWO,CHOWPATTY
https://www.swiggy.com/restaurants/cp-tank-pasta-sindh-mercantile-chowpatty-mumbai-169457,CP Tank Pasta,Fast Food,4.1•-- MINS•₹200 FOR TWO,CHOWPATTY
https://www.swiggy.com/restaurants/zas-kitchen-halal-chowpatty-mumbai-24373,ZAS Kitchen - Halal,"Biryani, Kebabs, Italian, Pizzas, Snacks, Fast Food",3.9•-- MINS•₹250 FOR TWO,CHOWPATTY
https://www.swiggy.com/restaurants/cococart-downtown-chowpatty-mumbai-380142,CocoCart Downtown,Bakery,--•-- MINS•₹1000 FOR TWO,CHOWPATTY
https://www.swiggy.com/restaurants/bawarchi-cst-area-chowpatty-mumbai-53700,Bawarchi,"Indian, Chinese",--•-- MINS•₹500 FOR TWO,CHOWPATTY
https://www.swiggy.com/restaurants/maggi-waggi-chowpatty-mumbai-385834,Maggi Waggi,"Snacks, Indian",--•-- MINS•₹200 FOR TWO,CHOWPATTY
https://www.swiggy.com/restaurants/the-good-bowl-opera-house-chowpatty-mumbai-156397,The Good Bowl,"North Indian, Biryani, Asian, Pastas, Desserts",4.2•-- MINS•₹400 FOR TWO,CHOWPATTY
https://www.swiggy.com/restaurants/gurukrupa-restaurant-kalbadevi-road-chowpatty-mumbai-198214,Gurukrupa restaurant,Indian,--•-- MINS•₹400 FOR TWO,CHOWPATTY
https://www.swiggy.com/restaurants/the-bombay-wrap-company-chowpatty-mumbai-361743,The Bombay Wrap Company,"Indian, Continental",--•-- MINS•₹300 FOR TWO,CHOWPATTY
https://www.swiggy.com/restaurants/gelato-italiano-fort-colaba-chowpatty-mumbai-9630,Gelato Italiano,"Desserts, Ice Cream",3.9•-- MINS•₹150 FOR TWO,CHOWPATTY
https://www.swiggy.com/restaurants/patil-juice-centre-charni-road-chowpatty-mumbai-21675,Patil Juice Centre,"Juices, Italian, Chinese, Jain, Fast Food",4.2•-- MINS•₹200 FOR TWO,CHOWPATTY
https://www.swiggy.com/restaurants/cheat-feast-burgers-chowpatty-mumbai-346345,Cheat Feast Burgers,"Italian-American, Pizzas, Snacks, Fast Food, Desserts, Beverages",4.4•-- MINS•₹350 FOR TWO,CHOWPATTY
https://www.swiggy.com/restaurants/the-burger-casa-chowpatty-mumbai-327703,The Burger Casa,"Pizzas, Continental",--•-- MINS•₹300 FOR TWO,CHOWPATTY
https://www.swiggy.com/restaurants/vinays-kitchen-chowpatty-mumbai-364590,VINAYS KITCHEN,North Indian,--•-- MINS•₹280 FOR TWO,CHOWPATTY
https://www.swiggy.com/restaurants/behrouz-biryani-opp-mohar-baug-chowpatty-mumbai-16641,Behrouz Biryani,"Biryani, Mughlai, Lucknowi, Kebabs, Hyderabadi, North Indian, Persian, Desserts",4.4•-- MINS•₹500 FOR TWO,CHOWPATTY
https://www.swiggy.com/restaurants/sukh-sagar-restaurant-near-lic-of-india-chowpatty-mumbai-21672,Sukh Sagar Restaurant,"Chinese, Biryani, Italian, Punjabi, Indian, Mexican",4.5•-- MINS•₹400 FOR TWO,CHOWPATTY
https://www.swiggy.com/restaurants/gourmet-ice-cream-cakes-by-baskin-robbins-girgaum-chowpatty-mumbai-375585,Gourmet Ice Cream Cakes by Baskin Robbins,"Desserts, Ice Cream",--•-- MINS•₹250 FOR TWO,CHOWPATTY
https://www.swiggy.com/restaurants/quadri-ice-cream-byculla-chowpatty-mumbai-222405,Quadri Ice Cream,Ice Cream,4.2•-- MINS•₹200 FOR TWO,CHOWPATTY
https://www.swiggy.com/restaurants/7-spice-fast-food-by-rk-umerkhadi-chowpatty-mumbai-335206,7 SPICE fast food by RK,"South Indian, Continental, Beverages",--•-- MINS•₹600 FOR TWO,CHOWPATTY
https://www.swiggy.com/restaurants/the-biryani-life-opp-mohar-baug-chowpatty-mumbai-186124,The Biryani Life,"Biryani, Hyderabadi, Lucknowi, North Indian, Mughlai, Combo, Desserts",--•-- MINS•₹250 FOR TWO,CHOWPATTY
https://www.swiggy.com/restaurants/newyork-burrito-company-chowpatty-mumbai-54002,NewYork Burrito Company,"Mexican, American, Snacks",4.3•-- MINS•₹500 FOR TWO,CHOWPATTY
https://www.swiggy.com/restaurants/prince-shawarma-byculla-chowpatty-mumbai-126836,Prince Shawarma,Fast Food,4.4•-- MINS•₹250 FOR TWO,CHOWPATTY
https://www.swiggy.com/restaurants/akash-sagar-chowpatty-mumbai-230940,Akash Sagar,"Chinese, Pastas",--•-- MINS•₹250 FOR TWO,CHOWPATTY
https://www.swiggy.com/restaurants/al-baik-n-u-kitab-ghar-byculla-chowpatty-mumbai-55694,Al Baik,"Snacks, Fast Food, Beverages",3.7•-- MINS•₹300 FOR TWO,CHOWPATTY
https://www.swiggy.com/restaurants/liberty-veg-restaurant-near-sayed-masjid-chowpatty-mumbai-22083,Liberty Veg Restaurant,"South Indian, North Indian, Chinese, Fast Food",--•-- MINS•₹150 FOR TWO,CHOWPATTY
https://www.swiggy.com/restaurants/jambulwadi-bhelpuri-house-chowpatty-mumbai-126832,Jambulwadi Bhelpuri House,Chaat,4.6•-- MINS•₹150 FOR TWO,CHOWPATTY
https://www.swiggy.com/restaurants/malvan-fusion-chowpatty-mumbai-249234,Malvan Fusion,Indian,3.4•-- MINS•₹350 FOR TWO,CHOWPATTY
https://www.swiggy.com/restaurants/idly-junction-chowpatty-mumbai-357267,Idly Junction,South Indian,3.6•-- MINS•₹100 FOR TWO,CHOWPATTY
https://www.swiggy.com/restaurants/tea-post-chowpatty-mumbai-249358,Tea Post,"Snacks, Fast Food, Beverages",4.2•-- MINS•₹200 FOR TWO,CHOWPATTY
https://www.swiggy.com/restaurants/morbiwala-sweets-and-farsan-mart-chowpatty-mumbai-353220,Morbiwala Sweets & Farsan Mart,"Sweets, Fast Food, Bakery",--•-- MINS•₹200 FOR TWO,CHOWPATTY
https://www.swiggy.com/restaurants/monginis-minara-masjid-and-mohammed-ali-road-chowpatty-mumbai-244341,Monginis,"Bakery, Desserts",4.3•-- MINS•₹300 FOR TWO,CHOWPATTY
https://www.swiggy.com/restaurants/hotel-b-bhagat-tarachand-chowpatty-mumbai-382314,Hotel B Bhagat Tarachand,Indian,--•-- MINS•₹350 FOR TWO,CHOWPATTY
https://www.swiggy.com/restaurants/bombae-box-chowpatty-mumbai-367974,Bombae Box,"Continental, Pizzas, Indian",--•-- MINS•₹500 FOR TWO,CHOWPATTY
https://www.swiggy.com/restaurants/bachelorrs-marine-drive-chowpatty-mumbai-3767,Bachelorr's,"Desserts, Fast Food",4.5•-- MINS•₹800 FOR TWO,CHOWPATTY
https://www.swiggy.com/restaurants/king-of-chinese-koc-chowpatty-mumbai-360424,KING OF CHINESE (KOC),Chinese,--•-- MINS•₹200 FOR TWO,CHOWPATTY
https://www.swiggy.com/restaurants/kepsa-express-byculla-chowpatty-mumbai-366405,Kepsa Express,"Fast Food, Snacks, Biryani, Tandoor",--•-- MINS•₹300 FOR TWO,CHOWPATTY
https://www.swiggy.com/restaurants/the-momo-co-churchgate-chowpatty-mumbai-301546,The Momo Co.,Asian,4.1•-- MINS•₹250 FOR TWO,CHOWPATTY
https://www.swiggy.com/restaurants/merwans-cake-stop-charni-road-near-girgaum-church-chowpatty-mumbai-338150,MERWANS CAKE STOP,Bakery,4.5•-- MINS•₹300 FOR TWO,CHOWPATTY
https://www.swiggy.com/restaurants/subway-sterling-theater-chowpatty-mumbai-3781,Subway,"Fast Food, Salads, Snacks, Desserts, Beverages",4.4•-- MINS•₹500 FOR TWO,CHOWPATTY
https://www.swiggy.com/restaurants/shree-krishna-mathura-bhuvan-chowpatty-mumbai-338394,SHREE KRISHNA MATHURA  BHUVAN,"North Indian, Chinese",--•-- MINS•₹200 FOR TWO,CHOWPATTY
https://www.swiggy.com/restaurants/yolo-charni-road-chowpatty-mumbai-25565,YOLO,Italian,3.8•-- MINS•₹250 FOR TWO,CHOWPATTY
https://www.swiggy.com/restaurants/bharat-chinese-byculla-chowpatty-mumbai-221589,Bharat Chinese,"Chinese, North Indian",--•-- MINS•₹250 FOR TWO,CHOWPATTY
https://www.swiggy.com/restaurants/qinaat-shawarma-and-fast-food-mohammad-ali-road-chowpatty-mumbai-113759,Qinaat Shawarma And Fast food,Fast Food,--•-- MINS•₹250 FOR TWO,CHOWPATTY
https://www.swiggy.com/restaurants/sbarro-new-york-pizza-chowpatty-mumbai-255316,Sbarro - New York Pizza,"Italian, Pizzas, Desserts, Beverages, Combo",4.1•-- MINS•₹600 FOR TWO,CHOWPATTY
https://www.swiggy.com/restaurants/mashaallah-cuisine-chowpatty-mumbai-26098,Mashaallah Cuisine,"Mughlai, Chinese, Lebanese",3.6•-- MINS•₹650 FOR TWO,CHOWPATTY
https://www.swiggy.com/restaurants/hyderabadi-dastarkhwan-chowpatty-mumbai-268082,HYDERABADI DASTARKHWAN,"Hyderabadi, Biryani, Snacks, Sweets, Desserts",3.9•-- MINS•₹200 FOR TWO,CHOWPATTY
https://www.swiggy.com/restaurants/golden-star-thali-charni-road-chowpatty-mumbai-17949,Golden Star Thali,"Gujarati, Rajasthani",4.3•-- MINS•₹350 FOR TWO,CHOWPATTY
https://www.swiggy.com/restaurants/divine-dessert-chowpatty-mumbai-351295,Divine Dessert,"Beverages, Ice Cream",--•-- MINS•₹300 FOR TWO,CHOWPATTY
https://www.swiggy.com/restaurants/zainabs-lazeez-biryani-chowpatty-mumbai-327264,Zainab's Lazeez Biryani,"Biryani, Fast Food, Pastas, Continental",3.6•-- MINS•₹200 FOR TWO,CHOWPATTY
https://www.swiggy.com/restaurants/la-snackeria-chowpatty-mumbai-360317,LA SNACKERIA,"Chinese, Fast Food, Indian",--•-- MINS•₹300 FOR TWO,CHOWPATTY
https://www.swiggy.com/restaurants/say-cheese-charni-road-girgaum-chowpatty-mumbai-17948,Say Cheese(Charni Road),"Italian, Mexican, Fast Food",4.3•-- MINS•₹350 FOR TWO,CHOWPATTY
https://www.swiggy.com/restaurants/khichdi-samrat-girgaum-chowpatty-mumbai-44080,Khichdi Samrat,"North Indian, Rajasthani",4.0•-- MINS•₹350 FOR TWO,CHOWPATTY
https://www.swiggy.com/restaurants/cafe-coffee-day-vt-capital-cinema-building-chowpatty-mumbai-14316,Cafe Coffee Day,"Beverages, Snacks, Desserts",4.3•-- MINS•₹300 FOR TWO,CHOWPATTY
https://www.swiggy.com/restaurants/sunita-caterers-chowpatty-mumbai-365207,SUNITA CATERERS,"Indian, Continental, Sweets, Snacks, Desserts, Gujarati",4.4•-- MINS•₹300 FOR TWO,CHOWPATTY
https://www.swiggy.com/restaurants/hot-spicy-gomantak-chowpatty-mumbai-372410,HOT  SPICY GOMANTAK,"Indian, Chinese, Tandoor",--•-- MINS•₹200 FOR TWO,CHOWPATTY
https://www.swiggy.com/restaurants/bharat-restaurant-chowpatty-mumbai-320072,BHARAT RESTAURANT,"Indian, Chinese",--•-- MINS•₹350 FOR TWO,CHOWPATTY
https://www.swiggy.com/restaurants/hira-mistan-kalbadevi-kalbadevi-chowpatty-mumbai-44077,Hira Mistan (Kalbadevi),"Desserts, Sweets, South Indian",4.1•-- MINS•₹450 FOR TWO,CHOWPATTY
https://www.swiggy.com/restaurants/le-gateau-chowpatty-mumbai-265233,Le Gateau,Bakery,--•-- MINS•₹200 FOR TWO,CHOWPATTY
https://www.swiggy.com/restaurants/foodies-box-ismail-curtay-road-chowpatty-mumbai-91422,Foodies Box,"Snacks, Fast Food, Juices",3.8•-- MINS•₹250 FOR TWO,CHOWPATTY
https://www.swiggy.com/restaurants/havmor-havfunn-svp-road-chowpatty-mumbai-92875,Havmor Havfunn,"Ice Cream, Ice Cream Cakes, Desserts",4.6•-- MINS•₹200 FOR TWO,CHOWPATTY
https://www.swiggy.com/restaurants/rajkumar-bhel-and-sandwich-chowpatty-mumbai-248238,RAJKUMAR BHEL AND SANDWICH,Fast Food,4.3•-- MINS•₹100 FOR TWO,CHOWPATTY
https://www.swiggy.com/restaurants/skdf-shree-krishna-dairy-farm-315-317-duncan-road-chowpatty-mumbai-315288,SKDF - SHREE KRISHNA DAIRY FARM,"Snacks, Beverages, Fast Food, Indian",3.8•-- MINS•₹150 FOR TWO,CHOWPATTY
https://www.swiggy.com/restaurants/dominos-pizza-jogeshwari-west-chowpatty-mumbai-24489,Domino's Pizza,Pizzas,4.2•-- MINS•₹400 FOR TWO,CHOWPATTY
https://www.swiggy.com/restaurants/tosita-bakery-fort-chowpatty-mumbai-47906,Tosita Bakery,Bakery,--•-- MINS•₹200 FOR TWO,CHOWPATTY
https://www.swiggy.com/restaurants/dongri-darbar-chowpatty-mumbai-353235,Dongri Darbar,"North Indian, Indian",--•-- MINS•₹600 FOR TWO,CHOWPATTY
https://www.swiggy.com/restaurants/hotel-new-zelam-chowpatty-mumbai-202713,Hotel New Zelam,Indian,4.4•-- MINS•₹300 FOR TWO,CHOWPATTY
https://www.swiggy.com/restaurants/hipster-cuisines-chowpatty-mumbai-362072,Hipster Cuisines,"Cafe, Italian, Lebanese, Fast Food",--•-- MINS•₹300 FOR TWO,CHOWPATTY
https://www.swiggy.com/restaurants/moussestruck-chowpatty-mumbai-106790,Moussestruck,"Desserts, Sweets, Bakery",--•-- MINS•₹200 FOR TWO,CHOWPATTY
https://www.swiggy.com/restaurants/mums-kitchen-marine-lines-chowpatty-mumbai-58982,Mums Kitchen,Parsi,4.3•-- MINS•₹600 FOR TWO,CHOWPATTY
https://www.swiggy.com/restaurants/snaxx-grant-road-chowpatty-mumbai-50345,Snaxx,Snacks,4.3•-- MINS•₹350 FOR TWO,CHOWPATTY
https://www.swiggy.com/restaurants/bakers-royale-chowpatty-mumbai-93717,Baker's Royale,"Desserts, Pizzas, Snacks",3.4•-- MINS•₹350 FOR TWO,CHOWPATTY
https://www.swiggy.com/restaurants/haji-tikka-corner-bohri-mohalla-byculla-chowpatty-mumbai-51559,Haji Tikka Corner-Bohri Mohalla,Snacks,4.1•-- MINS•₹250 FOR TWO,CHOWPATTY
https://www.swiggy.com/restaurants/al-baik-fast-food-chowpatty-mumbai-345586,Al Baik Fast Food,"Pizzas, Beverages, Snacks, Indian",3.5•-- MINS•₹200 FOR TWO,CHOWPATTY
https://www.swiggy.com/restaurants/myfroyoland-chowpatty-mumbai-162588,Myfroyoland,"Desserts, Ice Cream, Keto",3.5•-- MINS•₹400 FOR TWO,CHOWPATTY
https://www.swiggy.com/restaurants/nic-natural-ice-creams-kalbadevi-chowpatty-mumbai-316584,NIC Natural Ice Creams,"Ice Cream, Desserts",4.7•-- MINS•₹120 FOR TWO,CHOWPATTY
https://www.swiggy.com/restaurants/surti-hotel-chowpatty-mumbai-380071,SURTI HOTEL,"North Indian, Desserts, Beverages",--•-- MINS•₹400 FOR TWO,CHOWPATTY
https://www.swiggy.com/restaurants/charcoal-zaika-near-c-s-t-v-t-station-chowpatty-mumbai-334453,CHARCOAL ZAIKA,Indian,--•-- MINS•₹600 FOR TWO,CHOWPATTY
https://www.swiggy.com/restaurants/baskin-robbins-metro-cinema-chowpatty-mumbai-6949,Baskin Robbins,"Desserts, Ice Cream",4.4•-- MINS•₹250 FOR TWO,CHOWPATTY
https://www.swiggy.com/restaurants/koh-asian-kitchen-fort-colaba-chowpatty-mumbai-296097,KOH Asian Kitchen,Asian,5.0•-- MINS•₹1700 FOR TWO,CHOWPATTY
https://www.swiggy.com/restaurants/beyond-waffles-mohammed-ali-road-chowpatty-mumbai-117386,Beyond Waffles,"Desserts, Snacks, Ice Cream",4.5•-- MINS•₹300 FOR TWO,CHOWPATTY
https://www.swiggy.com/restaurants/zam-zam-byculla-chowpatty-mumbai-50596,Zam Zam,"Indian, Chinese",3.6•-- MINS•₹450 FOR TWO,CHOWPATTY
https://www.swiggy.com/restaurants/crazy-chinese-chowpatty-mumbai-326152,CRAZY CHINESE,"Chinese, Lebanese",4.1•-- MINS•₹200 FOR TWO,CHOWPATTY
https://www.swiggy.com/restaurants/falcon-fried-and-grill-chowpatty-mumbai-328330,Falcon fried and grill,"Beverages, Fast Food, Indian",--•-- MINS•₹250 FOR TWO,CHOWPATTY
https://www.swiggy.com/restaurants/foodzee-mohammed-ali-road-chowpatty-mumbai-46482,Foodzee,"Fast Food, Chinese, Pizzas, Continental",4.0•-- MINS•₹400 FOR TWO,CHOWPATTY
https://www.swiggy.com/restaurants/dawat-darbar-byculla-chowpatty-mumbai-193085,Dawat Darbar,"Chinese, Mughlai",--•-- MINS•₹400 FOR TWO,CHOWPATTY
https://www.swiggy.com/restaurants/riz-corner-fast-food-chowpatty-mumbai-322217,RIZ CORNER FAST FOOD,"Fast Food, Desserts, Beverages, Pizzas",--•-- MINS•₹450 FOR TWO,CHOWPATTY
https://www.swiggy.com/restaurants/aibas-seekh-chowpatty-mumbai-367524,AIBAS SEEKH,"Indian, Arabian",--•-- MINS•₹350 FOR TWO,CHOWPATTY
https://www.swiggy.com/restaurants/new-heros-restaurant-mahalaxmi-malabar-hill-ishwardas-mansion-gamdevi-road-chowpatty-mumbai-172025,New Heros Restaurant,"North Indian, Chinese, Mughlai",4.3•-- MINS•₹850 FOR TWO,CHOWPATTY
https://www.swiggy.com/restaurants/new-kulfi-center-chowpatty-mumbai-291517,New Kulfi Center,Ice Cream,4.6•-- MINS•₹320 FOR TWO,CHOWPATTY
https://www.swiggy.com/restaurants/balwas-restaurant-marine-lines-chowpatty-mumbai-69412,Balwas' Restaurant,"North Indian, Chinese",--•-- MINS•₹1100 FOR TWO,CHOWPATTY
https://www.swiggy.com/restaurants/fountain-juice-center-chowpatty-mumbai-350667,Fountain juice center,"Indian, Juices",--•-- MINS•₹200 FOR TWO,CHOWPATTY
https://www.swiggy.com/restaurants/benzys-family-restaurants-crawford-market-chowpatty-mumbai-43885,Benzy's Family Restaurants,"Indian, Chinese",3.6•-- MINS•₹550 FOR TWO,CHOWPATTY
https://www.swiggy.com/restaurants/daawat-inn-halal-masjid-chowpatty-mumbai-45943,Daawat Inn - Halal,"Indian, Chinese",4.2•-- MINS•₹350 FOR TWO,CHOWPATTY
https://www.swiggy.com/restaurants/house-of-tea-and-snacks-chowpatty-mumbai-349376,HOUSE OF TEA AND SNACKS,"Fast Food, Indian, Snacks, Pizzas",--•-- MINS•₹350 FOR TWO,CHOWPATTY
https://www.swiggy.com/restaurants/shahi-nukkad-chowpatty-mumbai-374058,SHAHI NUKKAD,"Indian, Kebabs",--•-- MINS•₹200 FOR TWO,CHOWPATTY
https://www.swiggy.com/restaurants/rahuls-food-court-a-r-rangnekar-marg-chowpatty-mumbai-130404,Rahul's Food Court,"Pizzas, Beverages, Fast Food",4.0•-- MINS•₹500 FOR TWO,CHOWPATTY
https://www.swiggy.com/restaurants/green-olive-restaurant-chowpatty-mumbai-379744,GREEN OLIVE RESTAURANT,"Chinese, Indian, Biryani",--•-- MINS•₹350 FOR TWO,CHOWPATTY
https://www.swiggy.com/restaurants/mughlai-kitchen-pioneer-of-jumbo-shawarma-chowpatty-mumbai-25555,Mughlai Kitchen...pioneer of jumbo shawarma,"Lebanese, Fast Food, Chinese",4.3•-- MINS•₹300 FOR TWO,CHOWPATTY
https://www.swiggy.com/restaurants/jm-anna-idly-cafe-chowpatty-mumbai-358149,JM ANNA IDLY CAFE,Indian,--•-- MINS•₹200 FOR TWO,CHOWPATTY
https://www.swiggy.com/restaurants/suavi-snacks-fort-area-chowpatty-mumbai-317447,SUAVI Snacks,"Fast Food, Snacks, Cafe",4.3•-- MINS•₹150 FOR TWO,CHOWPATTY
https://www.swiggy.com/restaurants/sukh-sagar-juice-centre-chowpatty-mumbai-339216,Sukh sagar juice centre,"Juices, Beverages",--•-- MINS•₹200 FOR TWO,CHOWPATTY
https://www.swiggy.com/restaurants/kalpana-club-zaveri-bazar-chowpatty-mumbai-167586,kalpana club,Gujarati,4.5•-- MINS•₹300 FOR TWO,CHOWPATTY
https://www.swiggy.com/restaurants/colombo-charni-road-chowpatty-mumbai-35225,Colombo,"Chinese, South Indian, Tandoor, Biryani, Mughlai, Indian",3.8•-- MINS•₹350 FOR TWO,CHOWPATTY
https://www.swiggy.com/restaurants/kamaths-govindashram-chowpatty-mumbai-359120,KAMATHS GOVINDASHRAM,"North Indian, Chinese, Pizzas, Fast Food, Indian, Tandoor, Kebabs, Italian, Dess...",--•-- MINS•₹400 FOR TWO,CHOWPATTY
https://www.swiggy.com/restaurants/raja-refreshments-chowpatty-mumbai-43082,Raja Refreshments,"Indian, Chinese",4.5•-- MINS•₹500 FOR TWO,CHOWPATTY
https://www.swiggy.com/restaurants/ratna-nidhi-kitchen-chowpatty-mumbai-380409,Ratna Nidhi Kitchen,Indian,--•-- MINS•₹200 FOR TWO,CHOWPATTY
https://www.swiggy.com/restaurants/zaika-chinese-centre-chowpatty-mumbai-373795,Zaika Chinese Centre,Chinese,--•-- MINS•₹250 FOR TWO,CHOWPATTY
https://www.swiggy.com/restaurants/fantasie-fine-chocolate-chowpatty-mumbai-210493,Fantasie Fine Chocolate,Bakery,--•-- MINS•₹200 FOR TWO,CHOWPATTY
https://www.swiggy.com/restaurants/london-dairy-chowpatty-mumbai-334308,LONDON DAIRY,"Ice Cream, Desserts",--•-- MINS•₹280 FOR TWO,CHOWPATTY
https://www.swiggy.com/restaurants/new-bharat-restaurant-chowpatty-mumbai-246889,NEW BHARAT RESTAURANT,North Indian,--•-- MINS•₹300 FOR TWO,CHOWPATTY
https://www.swiggy.com/restaurants/al-arbab-chowpatty-mumbai-354238,AL ARBAB,Indian,--•-- MINS•₹300 FOR TWO,CHOWPATTY
https://www.swiggy.com/restaurants/royal-bite-girgaum-chowpatty-mumbai-49291,Royal Bite,"Chaat, Fast Food, Maharashtrian",4.4•-- MINS•₹200 FOR TWO,CHOWPATTY
https://www.swiggy.com/restaurants/nawaab-foodies-box-chowpatty-mumbai-313964,NAWAAB FOODIES BOX,"North Indian, Fast Food",--•-- MINS•₹200 FOR TWO,CHOWPATTY
https://www.swiggy.com/restaurants/hotel-b-bhagat-tarachand-chowpatty-mumbai-383230,Hotel B Bhagat tarachand,"Punjabi, Indian",--•-- MINS•₹600 FOR TWO,CHOWPATTY
https://www.swiggy.com/restaurants/ustaadi-cst-area-chowpatty-mumbai-27024,Ustaadi,"Chinese, Biryani, Continental, Asian, Mughlai, Seafood, North Indian",4.5•-- MINS•₹1200 FOR TWO,CHOWPATTY
https://www.swiggy.com/restaurants/pancharatna-restaurant-marine-lines-chowpatty-mumbai-29443,Pancharatna Restaurant,"Mughlai, North Indian, Chinese, Seafood, Thai",4.5•-- MINS•₹1200 FOR TWO,CHOWPATTY
https://www.swiggy.com/restaurants/xpress-kitchens-chowpatty-mumbai-342048,Xpress Kitchens,"Italian, Chinese, Snacks",4.1•-- MINS•₹350 FOR TWO,CHOWPATTY
https://www.swiggy.com/restaurants/farmaaish-e-biryani-chowpatty-mumbai-238497,Farmaaish-e-Biryani,"Biryani, Indian, Mughlai, North Indian",3.6•-- MINS•₹250 FOR TWO,CHOWPATTY
https://www.swiggy.com/restaurants/natural-ice-cream-girgaon-chowpatty-mumbai-66165,Natural Ice Cream,Ice Cream,4.7•-- MINS•₹150 FOR TWO,CHOWPATTY
https://www.swiggy.com/restaurants/janta-tawa-and-grill-chowpatty-mumbai-369185,Janta tawa and grill,"Chinese, Indian, Seafood",--•-- MINS•₹200 FOR TWO,CHOWPATTY
https://www.swiggy.com/restaurants/parsi-dairy-farm-fort-chowpatty-mumbai-8122,Parsi Dairy Farm,Desserts,4.7•-- MINS•₹200 FOR TWO,CHOWPATTY
https://www.swiggy.com/restaurants/shams-fast-food-charni-road-chowpatty-mumbai-90133,Shams Fast Food,"Snacks, Chaat, Fast Food, South Indian, Beverages",3.8•-- MINS•₹250 FOR TWO,CHOWPATTY
https://www.swiggy.com/restaurants/hotel-satkar-girgaon-thakur-dwar-naka-chowpatty-mumbai-300664,HOTEL SATKAR,Thalis,--•-- MINS•₹200 FOR TWO,CHOWPATTY
https://www.swiggy.com/restaurants/gobbleupable-chowpatty-mumbai-293961,GobbleUpAble,"Bakery, Desserts",--•-- MINS•₹800 FOR TWO,CHOWPATTY
https://www.swiggy.com/restaurants/zaika-delicious-fast-food-byculla-chowpatty-mumbai-43748,Zaika Delicious Fast Food,"Indian, Chinese",4.3•-- MINS•₹450 FOR TWO,CHOWPATTY
https://www.swiggy.com/restaurants/hotel-gokul-girgaum-chowpatty-mumbai-62367,Hotel Gokul,"Indian, Chinese, Fast Food",4.0•-- MINS•₹250 FOR TWO,CHOWPATTY
https://www.swiggy.com/restaurants/mr-kalam-hinduja-college-lane-charni-road-chowpatty-mumbai-41568,Mr Kalam,"Pizzas, North Indian, Chinese",--•-- MINS•₹400 FOR TWO,CHOWPATTY
https://www.swiggy.com/restaurants/bakers-royale-bhindi-bazar-chowpatty-mumbai-45926,Baker's Royale,"Cafe, Desserts, Pizzas",3.4•-- MINS•₹400 FOR TWO,CHOWPATTY
https://www.swiggy.com/restaurants/sudhir-milk-suppliers-charni-road-chowpatty-mumbai-163687,Sudhir Milk Suppliers,"Beverages, Desserts",4.5•-- MINS•₹150 FOR TWO,CHOWPATTY
https://www.swiggy.com/restaurants/pizzasta-and-grills-shukla-ji-street-chowpatty-mumbai-338222,Pizzasta & Grills,"Pizzas, Pastas, Snacks, Fast Food",--•-- MINS•₹400 FOR TWO,CHOWPATTY
https://www.swiggy.com/restaurants/balley-bowwls-chowpatty-mumbai-383590,BALLEY BOWWLS,North Indian,--•-- MINS•₹350 FOR TWO,CHOWPATTY
https://www.swiggy.com/restaurants/liberty-lunch-home-marine-lines-chowpatty-mumbai-34591,Liberty Lunch Home,"North Indian, Chinese, Seafood, Tandoor",4.1•-- MINS•₹400 FOR TWO,CHOWPATTY
https://www.swiggy.com/restaurants/go-go-snacks-k-m-munshi-mark-chowpatty-mumbai-137618,Go Go Snacks,Snacks,4.5•-- MINS•₹200 FOR TWO,CHOWPATTY
https://www.swiggy.com/restaurants/sudhir-milk-suppliers-dongri-chowpatty-mumbai-163681,Sudhir Milk Suppliers,"Beverages, Desserts",--•-- MINS•₹150 FOR TWO,CHOWPATTY
https://www.swiggy.com/restaurants/j-j-jalebi-grant-road-chowpatty-mumbai-48192,J. J. Jalebi,"Fast Food, Desserts",4.2•-- MINS•₹200 FOR TWO,CHOWPATTY
https://www.swiggy.com/restaurants/kwality-food-corner-chowpatty-mumbai-342958,Kwality Food Corner,"Chinese, Continental, Italian-American, Pizzas, Snacks, Fast Food",3.6•-- MINS•₹300 FOR TWO,CHOWPATTY
https://www.swiggy.com/restaurants/maharashtra-hotel-fort-colaba-chowpatty-mumbai-192784,Maharashtra Hotel,"North Indian, South Indian",4.3•-- MINS•₹300 FOR TWO,CHOWPATTY
https://www.swiggy.com/restaurants/dosa-corner-chowpatty-mumbai-30796,Dosa Corner,South Indian,3.8•-- MINS•₹300 FOR TWO,CHOWPATTY
https://www.swiggy.com/restaurants/nanumal-bhojraj-chowpatty-kalbadevi-road-chowpatty-mumbai-24320,Nanumal Bhojraj ( Chowpatty ),"North Indian, Chinese",3.9•-- MINS•₹300 FOR TWO,CHOWPATTY
https://www.swiggy.com/restaurants/r-bhagat-tarrachand-girgaum-chowpatty-mumbai-51476,R Bhagat Tarrachand,Indian,4.4•-- MINS•₹450 FOR TWO,CHOWPATTY
https://www.swiggy.com/restaurants/starbucks-coffee-girgaon-chowpatty-mumbai-60187,Starbucks Coffee,"Beverages, Ice Cream",4.5•-- MINS•₹400 FOR TWO,CHOWPATTY
https://www.swiggy.com/restaurants/beyond-burgers-beyond-pancakes-i-m-merchant-road-minara-masjid-chowpatty-mumbai-48195,Beyond Burgers/ Beyond Pancakes,"American, Pizzas, Fast Food, Desserts, Beverages",3.8•-- MINS•₹300 FOR TWO,CHOWPATTY
https://www.swiggy.com/restaurants/fried-chicken-cuisine-fcc-dongri-sv-road-chowpatty-mumbai-26838,Fried Chicken Cuisine - FCC ( Dongri ),"American, Fast Food",4.3•-- MINS•₹250 FOR TWO,CHOWPATTY
https://www.swiggy.com/restaurants/99-pancakes-chowpatty-mumbai-38142,99 Pancakes,"Desserts, Beverages",4.4•-- MINS•₹300 FOR TWO,CHOWPATTY
https://www.swiggy.com/restaurants/zikibarah-chowpatty-mumbai-375874,Zikibarah,"Fast Food, Snacks, Beverages",--•-- MINS•₹300 FOR TWO,CHOWPATTY
https://www.swiggy.com/restaurants/voice-of-india-restaurant-near-central-plaza-chowpatty-mumbai-49952,Voice Of India Restaurant,"Mughlai, Chinese",4.4•-- MINS•₹400 FOR TWO,CHOWPATTY
https://www.swiggy.com/restaurants/shri-annapurna-punjabi-dine-charni-road-chowpatty-mumbai-38147,Shri Annapurna Punjabi Dine,North Indian,4.0•-- MINS•₹400 FOR TWO,CHOWPATTY
https://www.swiggy.com/restaurants/swiss-shakes-studio-chowpatty-mumbai-371153,Swiss Shakes Studio,"Beverages, Desserts, Ice Cream",--•-- MINS•₹400 FOR TWO,CHOWPATTY
https://www.swiggy.com/restaurants/92-rayza-chowpatty-mumbai-336948,92 RAYZA,"Desserts, Fast Food, Juices, Snacks",--•-- MINS•₹350 FOR TWO,CHOWPATTY
https://www.swiggy.com/restaurants/bhau-ki-chai-chowpatty-mumbai-379434,Bhau Ki Chai,"Fast Food, Beverages",--•-- MINS•₹100 FOR TWO,CHOWPATTY
https://www.swiggy.com/restaurants/shalimar-cool-point-chowpatty-mumbai-123980,Shalimar Cool Point,Indian,3.8•-- MINS•₹500 FOR TWO,CHOWPATTY
https://www.swiggy.com/restaurants/anando-birla-kreeda-kendra-chowpatty-mumbai-23444,Anando,"Beverages, Desserts",4.7•-- MINS•₹100 FOR TWO,CHOWPATTY
https://www.swiggy.com/restaurants/sizzle-n-wok-chowpatty-mumbai-350210,Sizzle n wok,"Indian, Chinese",--•-- MINS•₹350 FOR TWO,CHOWPATTY
https://www.swiggy.com/restaurants/shreeji-sagar-chowpatty-mumbai-43613,Shreeji Sagar,"South Indian, Indian, Chinese",--•-- MINS•₹500 FOR TWO,CHOWPATTY
https://www.swiggy.com/restaurants/jumboking-indian-burger-mahalaxmi-malabar-hill-chowpatty-mumbai-183245,Jumboking Indian Burger,"Fast Food, Indian, American, Mexican, Healthy Food, Snacks, Beverages",4.3•-- MINS•₹200 FOR TWO,CHOWPATTY
https://www.swiggy.com/restaurants/jm-anna-idly-cafe-chowpatty-mumbai-358733,JM ANNA IDLY CAFE,South Indian,--•-- MINS•₹100 FOR TWO,CHOWPATTY
https://www.swiggy.com/restaurants/essange-chowpatty-mumbai-334521,Essange,Bakery,4.8•-- MINS•₹650 FOR TWO,CHOWPATTY
https://www.swiggy.com/restaurants/cheeeze-it-chowpatty-mumbai-361225,Cheeeze IT,"Pizzas, Beverages, Chinese, Desserts, Fast Food",--•-- MINS•₹100 FOR TWO,CHOWPATTY
https://www.swiggy.com/restaurants/new-shanti-bhuvan-chowpatty-mumbai-83873,New Shanti Bhuvan,"Indian, Tandoor",--•-- MINS•₹450 FOR TWO,CHOWPATTY
https://www.swiggy.com/restaurants/super-taste-byculla-chowpatty-mumbai-230792,Super taste,"Fast Food, North Indian",--•-- MINS•₹250 FOR TWO,CHOWPATTY
https://www.swiggy.com/restaurants/dhamaal-the-desi-kitchen-chowpatty-mumbai-256146,DHAMAAL (THE DESI KITCHEN),Indian,--•-- MINS•₹500 FOR TWO,CHOWPATTY
https://www.swiggy.com/restaurants/hotel-new-zelam-bhuleshwar-bhuleshwar-road-chowpatty-mumbai-322777,Hotel New Zelam (Bhuleshwar),North Indian,4.2•-- MINS•₹300 FOR TWO,CHOWPATTY
https://www.swiggy.com/restaurants/delhi-zaika-m-s-ali-road-chowpatty-mumbai-6627,Delhi Zaika,"Mughlai, North Indian, Chinese",3.9•-- MINS•₹600 FOR TWO,CHOWPATTY
https://www.swiggy.com/restaurants/happiness-deli-gamdevi-police-station-chowpatty-mumbai-31877,Happiness Deli,"Bakery, Desserts, Cafe, Sweets",4.2•-- MINS•₹400 FOR TWO,CHOWPATTY
https://www.swiggy.com/restaurants/kolkata-egg-roll-mandvi-chowpatty-mumbai-171373,Kolkata egg roll,Indian,--•-- MINS•₹200 FOR TWO,CHOWPATTY
https://www.swiggy.com/restaurants/punjabi-kapoor-kulfi-chowpatty-mumbai-374891,Punjabi Kapoor Kulfi,Indian,4.4•-- MINS•₹200 FOR TWO,CHOWPATTY
https://www.swiggy.com/restaurants/roti-rollers-chowpatty-mumbai-285843,ROTI ROLLERS,"Indian, Chinese, Italian, Rajasthani, Pizzas, Chaat, Biryani, Pastas, Street Foo...",4.3•-- MINS•₹300 FOR TWO,CHOWPATTY
https://www.swiggy.com/restaurants/the-china-talk-by-delicatessen-chowpatty-mumbai-330159,The China Talk by Delicatessen,"Chinese, Indian",--•-- MINS•₹300 FOR TWO,CHOWPATTY
https://www.swiggy.com/restaurants/bake-studio-byculla-chowpatty-mumbai-99403,Bake Studio,Desserts,3.8•-- MINS•₹200 FOR TWO,CHOWPATTY
https://www.swiggy.com/restaurants/elixr-studios-chowpatty-mumbai-223212,Elixr Studios,Continental,--•-- MINS•₹600 FOR TWO,CHOWPATTY
https://www.swiggy.com/restaurants/cutfruit-express-chowpatty-mumbai-352882,CUTFRUIT EXPRESS,Beverages,--•-- MINS•₹100 FOR TWO,CHOWPATTY
https://www.swiggy.com/restaurants/shalimar-juice-centre-chowpatty-mumbai-122083,Shalimar Juice Centre,Beverages,4.3•-- MINS•₹200 FOR TWO,CHOWPATTY
https://www.swiggy.com/restaurants/big-bowl-company-churchgate-chowpatty-mumbai-296055,Big Bowl Company,"North Indian, Chinese, Biryani, Fast Food",3.8•-- MINS•₹300 FOR TWO,CHOWPATTY
https://www.swiggy.com/restaurants/sree-venky-tata-road-no-2-chowpatty-mumbai-27010,Sree Venky,"Street Food, Juices, Fast Food",--•-- MINS•₹250 FOR TWO,CHOWPATTY
https://www.swiggy.com/restaurants/tandoor-mahal-by-delicatessen-chowpatty-mumbai-330162,Tandoor Mahal By Delicatessen,"Tandoor, Fast Food, Snacks, Kebabs",--•-- MINS•₹300 FOR TWO,CHOWPATTY
https://www.swiggy.com/restaurants/210-degrees-charni-road-chowpatty-mumbai-3806,210 Degrees,"Desserts, Fast Food, Bakery",4.4•-- MINS•₹300 FOR TWO,CHOWPATTY
https://www.swiggy.com/restaurants/vanakkam-vihar-girgaum-chowpatty-mumbai-79367,Vanakkam Vihar,"Indian, Chinese, Italian",4.2•-- MINS•₹550 FOR TWO,CHOWPATTY
https://www.swiggy.com/restaurants/zaika-darbar-byculla-chowpatty-mumbai-233138,Zaika Darbar,"Chinese, Indian",--•-- MINS•₹400 FOR TWO,CHOWPATTY
https://www.swiggy.com/restaurants/mao-family-restaurant-kalbadevi-chowpatty-mumbai-50967,Mao Family Restaurant,"North Indian, Mughlai, Chinese",4.2•-- MINS•₹350 FOR TWO,CHOWPATTY
https://www.swiggy.com/restaurants/the-snack-hunt-chowpatty-mumbai-324168,The Snack Hunt,"Fast Food, Snacks, Cafe, Kebabs",--•-- MINS•₹300 FOR TWO,CHOWPATTY
https://www.swiggy.com/restaurants/madras-military-hotel-marine-lines-chowpatty-mumbai-50603,Madras Military Hotel,"Indian, South Indian, Seafood, Chinese",4.1•-- MINS•₹250 FOR TWO,CHOWPATTY
https://www.swiggy.com/restaurants/geeta-bhavan-marine-lines-chowpatty-mumbai-50968,Geeta Bhavan,"North Indian, South Indian, Chinese, Fast Food",4.4•-- MINS•₹450 FOR TWO,CHOWPATTY
https://www.swiggy.com/restaurants/mini-delhi-express-chowpatty-mumbai-300974,Mini Delhi Express,"Chinese, Mughlai, North Indian",--•-- MINS•₹300 FOR TWO,CHOWPATTY
https://www.swiggy.com/restaurants/special-tea-house-grant-road-chowpatty-mumbai-70573,Special Tea House,Indian,4.5•-- MINS•₹350 FOR TWO,CHOWPATTY
https://www.swiggy.com/restaurants/sandwich-king-charni-road-chowpatty-mumbai-217000,Sandwich King,Fast Food,--•-- MINS•₹300 FOR TWO,CHOWPATTY
https://www.swiggy.com/restaurants/nanumal-bhojraj-masjid-chowpatty-mumbai-33908,Nanumal Bhojraj (Masjid),North Indian,4.2•-- MINS•₹300 FOR TWO,CHOWPATTY
https://www.swiggy.com/restaurants/k-k-restaurant-chowpatty-mumbai-208651,K.K. Restaurant,"Chinese, Indian",--•-- MINS•₹200 FOR TWO,CHOWPATTY
https://www.swiggy.com/restaurants/bombay-kitchen-byculla-chowpatty-mumbai-59781,Bombay Kitchen,"Fast Food, Chinese, Mughlai, Barbecue, Seafood",3.3•-- MINS•₹350 FOR TWO,CHOWPATTY
https://www.swiggy.com/restaurants/lemon-n-spice-charni-road-svp-road-chowpatty-mumbai-23301,Lemon N Spice (Charni Road),"Chinese, Juices, Pizzas, Pastas, Indian, Fast Food, Desserts",4.3•-- MINS•₹300 FOR TWO,CHOWPATTY
https://www.swiggy.com/restaurants/rocky-rolls-chowpatty-mumbai-346171,Rocky Rolls,"Continental, Indian",3.9•-- MINS•₹400 FOR TWO,CHOWPATTY
https://www.swiggy.com/restaurants/chez-oi-near-crawford-market-chowpatty-mumbai-347260,Chez Oi,Desserts,4.1•-- MINS•₹350 FOR TWO,CHOWPATTY
https://www.swiggy.com/restaurants/surti-12-handi-chowpatty-mumbai-370764,Surti 12 handi,Indian,--•-- MINS•₹250 FOR TWO,CHOWPATTY
https://www.swiggy.com/restaurants/kobe-sizzlers-chowpatty-mumbai-42866,Kobe Sizzlers,"Continental, Fast Food, Beverages",4.7•-- MINS•₹1500 FOR TWO,CHOWPATTY
https://www.swiggy.com/restaurants/pure-punjabi-chowpatty-mumbai-371855,PURE PUNJABI,"North Indian, Chinese, Tandoor",4.7•-- MINS•₹600 FOR TWO,CHOWPATTY
https://www.swiggy.com/restaurants/100-berries-chowpatty-mumbai-361368,100 Berries,"Beverages, Snacks",--•-- MINS•₹400 FOR TWO,CHOWPATTY
https://www.swiggy.com/restaurants/crystal-near-wilson-college-chowpatty-mumbai-10117,Crystal,North Indian,4.1•-- MINS•₹250 FOR TWO,CHOWPATTY
https://www.swiggy.com/restaurants/chandu-halwai-opposite-novelty-cinema-chowpatty-mumbai-26370,Chandu Halwai,Sweets,4.7•-- MINS•₹150 FOR TWO,CHOWPATTY
https://www.swiggy.com/restaurants/biryani-king-nawaabi-zaika-dongri-chowpatty-mumbai-313008,BIRYANI KING (NAWAABI ZAIKA),North Indian,--•-- MINS•₹400 FOR TWO,CHOWPATTY
https://www.swiggy.com/restaurants/govindas-chowpatty-mumbai-35411,Govinda's,"South Indian, Indian, Chinese, Continental",4.5•-- MINS•₹800 FOR TWO,CHOWPATTY
https://www.swiggy.com/restaurants/kapoor-punjabi-kulfi-chowpatty-mumbai-379101,Kapoor Punjabi Kulfi,"Beverages, Ice Cream",--•-- MINS•₹100 FOR TWO,CHOWPATTY
https://www.swiggy.com/restaurants/juice-time-fort-chowpatty-mumbai-29081,Juice Time,"Juices, Fast Food",4.4•-- MINS•₹300 FOR TWO,CHOWPATTY
https://www.swiggy.com/restaurants/lokoman-cafe-girgaon-chowpatty-mumbai-181967,Lokoman Cafe,"Cafe, Fast Food",--•-- MINS•₹300 FOR TWO,CHOWPATTY
https://www.swiggy.com/restaurants/immunity-booster-meals-by-lunchbox-opp-mohar-baug-chowpatty-mumbai-263591,Immunity Booster Meals by Lunchbox,"North Indian, Desserts, Biryani",--•-- MINS•₹200 FOR TWO,CHOWPATTY
https://www.swiggy.com/restaurants/new-india-sweet-meat-mart-chowpatty-mumbai-109666,New India Sweet Meat Mart,Fast Food,4.3•-- MINS•₹400 FOR TWO,CHOWPATTY
https://www.swiggy.com/restaurants/taj-ice-cream-near-jj-hospital-chowpatty-mumbai-21498,Taj Ice Cream,"Ice Cream, Desserts",4.9•-- MINS•₹150 FOR TWO,CHOWPATTY
https://www.swiggy.com/restaurants/bombay-rolls-and-sandwiches-matunga-wadala-chowpatty-mumbai-348466,Bombay Rolls & Sandwiches,"Chinese, Continental",3.2•-- MINS•₹200 FOR TWO,CHOWPATTY
https://www.swiggy.com/restaurants/aahrens-kitchen-dhobi-talao-chowpatty-mumbai-132128,Aahren's Kitchen,"Continental, Fast Food",--•-- MINS•₹400 FOR TWO,CHOWPATTY
https://www.swiggy.com/restaurants/juicer-rus-chowpatty-mumbai-234374,Juice'R Rus,Juices,--•-- MINS•₹200 FOR TWO,CHOWPATTY
https://www.swiggy.com/restaurants/mohamad-raza-chowpatty-mumbai-331900,Mohamad Raza,Indian,--•-- MINS•₹198 FOR TWO,CHOWPATTY
https://www.swiggy.com/restaurants/mumbai-food-biryani-halal-opposite-ansari-heights-chowpatty-mumbai-108332,Mumbai Food Biryani (Halal),Mughlai,--•-- MINS•₹300 FOR TWO,CHOWPATTY
https://www.swiggy.com/restaurants/shetty-ajjas-rasoi-dhobi-talao-chowpatty-mumbai-132127,Shetty Ajja's Rasoi,"Tandoor, Indian, Chinese",--•-- MINS•₹400 FOR TWO,CHOWPATTY
https://www.swiggy.com/restaurants/khana-khazana-charni-road-chowpatty-mumbai-21374,Khana Khazana,"North Indian, Chinese, Gujarati, South Indian, Italian, Mexican, Lebanese",4.1•-- MINS•₹400 FOR TWO,CHOWPATTY
https://www.swiggy.com/restaurants/epl-eat-pray-luv-charni-road-chowpatty-mumbai-64587,EPL: Eat Pray Luv,"Italian, Continental, Pizzas",4.7•-- MINS•₹800 FOR TWO,CHOWPATTY
https://www.swiggy.com/restaurants/kebab-factory-and-more-surya-kalyani-mansion-chowpatty-mumbai-132125,Kebab Factory & More,"Indian, Biryani",--•-- MINS•₹200 FOR TWO,CHOWPATTY
https://www.swiggy.com/restaurants/foodie-culture-pydhonie-masjid-chowpatty-mumbai-260502,Foodie Culture,"Beverages, Fast Food",--•-- MINS•₹250 FOR TWO,CHOWPATTY
https://www.swiggy.com/restaurants/zeenat-seekh-kabab-corner-chowpatty-mumbai-356467,Zeenat seekh kabab corner,Indian,--•-- MINS•₹200 FOR TWO,CHOWPATTY
https://www.swiggy.com/restaurants/the-mart-chowpatty-mumbai-383025,THE MART,Sweets,--•-- MINS•₹700 FOR TWO,CHOWPATTY
https://www.swiggy.com/restaurants/sweet-truth-opp-mohar-baug-chowpatty-mumbai-35522,Sweet Truth,"Cafe, Bakery, Desserts, Beverages",--•-- MINS•₹200 FOR TWO,CHOWPATTY
https://www.swiggy.com/restaurants/food-mood-girgoan-chowpatty-mumbai-358892,Food mood,"Pizzas, Fast Food, Desserts, Beverages",--•-- MINS•₹200 FOR TWO,CHOWPATTY
https://www.swiggy.com/restaurants/al-hashmi-madinah-dates-memonwada-road-chowpatty-mumbai-151795,al hashmi madinah dates,Desserts,--•-- MINS•₹250 FOR TWO,CHOWPATTY
https://www.swiggy.com/restaurants/hayaat-plus-juices-and-snacks-chowpatty-mumbai-360848,Hayaat Plus Juices and Snacks,"Continental, Juices, Snacks, Beverages, Healthy Food",--•-- MINS•₹300 FOR TWO,CHOWPATTY
https://www.swiggy.com/restaurants/t3-the-tasty-treat-girgaum-chowpatty-mumbai-91811,T3 The Tasty Treat,Fast Food,4.1•-- MINS•₹500 FOR TWO,CHOWPATTY
https://www.swiggy.com/restaurants/nawab-seekh-corner-mohd-ali-road-chowpatty-mumbai-178699,Nawab Seekh Corner,"Mughlai, Kebabs, Fast Food",4.3•-- MINS•₹150 FOR TWO,CHOWPATTY
https://www.swiggy.com/restaurants/chunkies-chowpatty-mumbai-21490,Chunkies,"Fast Food, American, Indian",4.2•-- MINS•₹250 FOR TWO,CHOWPATTY
https://www.swiggy.com/restaurants/house-of-misal-chowpatty-mumbai-326685,House of Misal,Fast Food,3.1•-- MINS•₹200 FOR TWO,CHOWPATTY
https://www.swiggy.com/restaurants/fusion-foods-chowpatty-mumbai-327411,FUSION FOODS,"Fast Food, Pizzas",--•-- MINS•₹350 FOR TWO,CHOWPATTY
https://www.swiggy.com/restaurants/hotel-sadanand-cst-area-chowpatty-mumbai-48150,Hotel Sadanand,"South Indian, Indian, Chinese",4.3•-- MINS•₹700 FOR TWO,CHOWPATTY
https://www.swiggy.com/restaurants/shiv-krishna-charni-road-chowpatty-mumbai-64593,Shiv Krishna,"North Indian, Chinese, South Indian, Fast Food",4.4•-- MINS•₹650 FOR TWO,CHOWPATTY
https://www.swiggy.com/restaurants/the-biryania-above-rose-collection-chowpatty-mumbai-6793,The Biryania,Biryani,4.0•-- MINS•₹300 FOR TWO,CHOWPATTY
https://www.swiggy.com/restaurants/punjabi-chaap-corner-chowpatty-mumbai-175020,Punjabi chaap Corner,"Biryani, North Indian, Mughlai",4.6•-- MINS•₹300 FOR TWO,CHOWPATTY
https://www.swiggy.com/restaurants/a-1-fish-koliwada-tardeo-chowpatty-mumbai-42049,A-1 Fish Koliwada,"Indian, Chinese",4.3•-- MINS•₹350 FOR TWO,CHOWPATTY
https://www.swiggy.com/restaurants/noor-mohammadi-hotel-girgaum-chowpatty-mumbai-42962,Noor Mohammadi Hotel,Indian,4.3•-- MINS•₹350 FOR TWO,CHOWPATTY
https://www.swiggy.com/restaurants/ghasitaram-halwai-mahalaxmi-malabar-hill-chowpatty-mumbai-48028,Ghasitaram Halwai,"Fast Food, Desserts, Beverages",3.5•-- MINS•₹250 FOR TWO,CHOWPATTY
https://www.swiggy.com/restaurants/apsara-ice-creams-charni-road-chowpatty-mumbai-7641,Apsara Ice Creams,"Ice Cream, Desserts",4.7•-- MINS•₹150 FOR TWO,CHOWPATTY
https://www.swiggy.com/restaurants/momos-fried-nation-byculla-chowpatty-mumbai-215086,Momos Fried Nation,"Chinese, Tibetan",--•-- MINS•₹250 FOR TWO,CHOWPATTY
https://www.swiggy.com/restaurants/wowfillss-belgian-waffles-and-more-chowpatty-mumbai-39796,Wowfillss...Belgian Waffles and More,"Desserts, Beverages",4.5•-- MINS•₹230 FOR TWO,CHOWPATTY
https://www.swiggy.com/restaurants/rising-cafe-and-diner-charni-road-chowpatty-mumbai-31391,RISING CAFE & DINER,Continental,4.1•-- MINS•₹500 FOR TWO,CHOWPATTY
https://www.swiggy.com/restaurants/femistic-fast-food-chowpatty-mumbai-216053,Femistic Fast Food,Indian,--•-- MINS•₹250 FOR TWO,CHOWPATTY
https://www.swiggy.com/restaurants/kinns-kitchen-chowpatty-mumbai-219682,Kinn's Kitchen,Italian,--•-- MINS•₹250 FOR TWO,CHOWPATTY
https://www.swiggy.com/restaurants/narayan-dosa-chowpatty-mumbai-385480,Narayan Dosa,South Indian,--•-- MINS•₹200 FOR TWO,CHOWPATTY
https://www.swiggy.com/restaurants/panchratna-jalebi-house-girgaum-chowpatty-mumbai-22434,Panchratna Jalebi House,"Sweets, Snacks",4.6•-- MINS•₹100 FOR TWO,CHOWPATTY
https://www.swiggy.com/restaurants/keventers-milkshakes-and-ice-creams-charni-road-chowpatty-mumbai-57380,Keventers - Milkshakes & Ice Creams,"Beverages, Ice Cream, Desserts",4.1•-- MINS•₹300 FOR TWO,CHOWPATTY
https://www.swiggy.com/restaurants/al-baik-al-brost-charni-road-charni-road-chowpatty-mumbai-49916,Al Baik - Al Brost - Charni Road,Fast Food,4.3•-- MINS•₹250 FOR TWO,CHOWPATTY
https://www.swiggy.com/restaurants/jayshree-zunka-bhakar-kendra-chowpatty-mumbai-298662,JAYSHREE  ZUNKA  BHAKAR  KENDRA,"Indian, Chinese",--•-- MINS•₹200 FOR TWO,CHOWPATTY
https://www.swiggy.com/restaurants/amul-ice-cream-parlour-grant-road-chowpatty-mumbai-34547,Amul Ice Cream Parlour,"Desserts, Ice Cream",4.5•-- MINS•₹200 FOR TWO,CHOWPATTY
https://www.swiggy.com/restaurants/shreejis-marine-lines-chowpatty-mumbai-114150,Shreeji's - (Marine Lines),"North Indian, Chinese, Punjabi, Indian",4.1•-- MINS•₹300 FOR TWO,CHOWPATTY
https://www.swiggy.com/restaurants/vasant-sagar-chowpatty-mumbai-221095,vasant sagar,"Chinese, Indian, Pizzas",--•-- MINS•₹300 FOR TWO,CHOWPATTY
https://www.swiggy.com/restaurants/pizza-caprina-chowpatty-mumbai-224123,Pizza Caprina,"Pizzas, Fast Food, Italian",4.1•-- MINS•₹400 FOR TWO,CHOWPATTY
https://www.swiggy.com/restaurants/thackers-birla-kreeda-kendra-chowpatty-mumbai-26234,Thackers,"North Indian, Gujarati, Italian",--•-- MINS•₹750 FOR TWO,CHOWPATTY
https://www.swiggy.com/restaurants/maharaja-rolls-chowpatty-mumbai-383856,Maharaja Rolls,Snacks,5.0•-- MINS•₹350 FOR TWO,CHOWPATTY
https://www.swiggy.com/restaurants/kwality-walls-frozen-dessert-and-ice-cream-shop-chowpatty-mumbai-94676,Kwality Walls Frozen Dessert & Ice Cream Shop,"Desserts, Ice Cream",4.6•-- MINS•₹100 FOR TWO,CHOWPATTY
https://www.swiggy.com/restaurants/crispy-bites-chowpatty-mumbai-348688,Crispy Bites,"Fast Food, Snacks, Beverages",--•-- MINS•₹300 FOR TWO,CHOWPATTY
https://www.swiggy.com/restaurants/satkar-veg-restaurant-marine-lines-chowpatty-mumbai-15113,Satkar Veg restaurant,"North Indian, Chinese, South Indian",--•-- MINS•₹500 FOR TWO,CHOWPATTY
https://www.swiggy.com/restaurants/the-belgian-waffle-co-s-v-p-road-chowpatty-mumbai-15476,The Belgian Waffle Co.,"Desserts, Beverages",4.6•-- MINS•₹200 FOR TWO,CHOWPATTY
https://www.swiggy.com/restaurants/mumbai-bites-opposite-reliance-hospital-chowpatty-mumbai-21916,Mumbai Bites,"Italian, Chinese, Pizzas, Fast Food, Combo",4.1•-- MINS•₹300 FOR TWO,CHOWPATTY
https://www.swiggy.com/restaurants/jashn-e-biryani-nariman-road-chowpatty-mumbai-317723,Jashn E Biryani,"Biryani, North Indian, Mughlai, Desserts",3.0•-- MINS•₹300 FOR TWO,CHOWPATTY
https://www.swiggy.com/restaurants/paramount-restaurant-byculla-chowpatty-mumbai-204998,Paramount Restaurant,"Chinese, Mughlai, Indian",3.5•-- MINS•₹300 FOR TWO,CHOWPATTY
https://www.swiggy.com/restaurants/tawakkal-sweets-chowpatty-mumbai-24867,Tawakkal Sweets,Sweets,4.5•-- MINS•₹350 FOR TWO,CHOWPATTY
https://www.swiggy.com/restaurants/delicatessen-halal-mohammed-ali-road-chowpatty-mumbai-57831,Delicate'ssen-(Halal),"Snacks, Indian, Chinese",4.1•-- MINS•₹300 FOR TWO,CHOWPATTY
https://www.swiggy.com/restaurants/zspice-null-bazar-chowpatty-mumbai-161092,ZSpice,Fast Food,--•-- MINS•₹400 FOR TWO,CHOWPATTY
https://www.swiggy.com/restaurants/manoj-wtc-pasta-chowpatty-mumbai-313115,MANOJ WTC PASTA,"Pizzas, Pastas, American",--•-- MINS•₹500 FOR TWO,CHOWPATTY
https://www.swiggy.com/restaurants/albaik-albrost-fast-food-chowpatty-mumbai-335136,ALBAIK ALBROST FAST FOOD,"Italian, Lebanese, Pizzas, American",--•-- MINS•₹300 FOR TWO,CHOWPATTY
https://www.swiggy.com/restaurants/hotel-shree-g-bhagat-tarachand-zaveri-bazaar-chowpatty-mumbai-28422,Hotel Shree G. Bhagat Tarachand,"North Indian, Thalis, Maharashtrian",4.3•-- MINS•₹300 FOR TWO,CHOWPATTY
https://www.swiggy.com/restaurants/burgs-n-bites-chowpatty-mumbai-320208,BURGS N BITES,Fast Food,--•-- MINS•₹200 FOR TWO,CHOWPATTY
https://www.swiggy.com/restaurants/adarsh-annapoorna-kalbadevi-chowpatty-mumbai-56509,Adarsh Annapoorna,"Indian, Chinese, Rajasthani, Biryani",4.3•-- MINS•₹450 FOR TWO,CHOWPATTY
https://www.swiggy.com/restaurants/fatimas-fast-food-corner-chowpatty-mumbai-344514,Fatima's Fast Food Corner,"Chinese, Pizzas",--•-- MINS•₹200 FOR TWO,CHOWPATTY
https://www.swiggy.com/restaurants/amar-juice-center-sea-face-chowpatty-mumbai-3720,Amar Juice Center,"Fast Food, South Indian, Chaat",4.3•-- MINS•₹350 FOR TWO,CHOWPATTY
https://www.swiggy.com/restaurants/ms-hungers-girgaon-chowpatty-mumbai-21590,M's HUNGERS,"Fast Food, Pizzas, Chinese",--•-- MINS•₹250 FOR TWO,CHOWPATTY
https://www.swiggy.com/restaurants/mccafe-by-mcdonalds-fort-chowpatty-mumbai-177544,McCafe by McDonald's,"Cafe, Beverages, Desserts",--•-- MINS•₹250 FOR TWO,CHOWPATTY
https://www.swiggy.com/restaurants/faham-restaurant-and-lounge-mohammad-ali-road-chowpatty-mumbai-17414,Faham Restaurant & Lounge,"Mughlai, North Indian, Chinese",--•-- MINS•₹1000 FOR TWO,CHOWPATTY
https://www.swiggy.com/restaurants/ulta-pizza-marine-lines-kalbadevi-chowpatty-mumbai-32912,Ulta Pizza,"Pizzas, Fast Food",--•-- MINS•₹300 FOR TWO,CHOWPATTY
https://www.swiggy.com/restaurants/flavor-cottage-chowpatty-mumbai-376669,FLAVOR COTTAGE,"Mughlai, Chinese",--•-- MINS•₹350 FOR TWO,CHOWPATTY
https://www.swiggy.com/restaurants/fruitilicious-marine-lines-chowpatty-mumbai-43598,Fruitilicious,Desserts,--•-- MINS•₹300 FOR TWO,CHOWPATTY
https://www.swiggy.com/restaurants/femistic-fast-food-byculla-chowpatty-mumbai-216872,Femistic Fast Food,"Chinese, Indian",--•-- MINS•₹400 FOR TWO,CHOWPATTY
https://www.swiggy.com/restaurants/faasos-opp-mohar-baug-chowpatty-mumbai-17500,Faasos,"Fast Food, Combo, Snacks",4.2•-- MINS•₹200 FOR TWO,CHOWPATTY
https://www.swiggy.com/restaurants/k-bhagat-tarachand-chowpatty-mumbai-58254,K. Bhagat Tarachand,"Jain, North Indian",4.0•-- MINS•₹450 FOR TWO,CHOWPATTY
https://www.swiggy.com/restaurants/nityanand-fast-food-chowpatty-mumbai-373834,Nityanand Fast food,"Fast Food, Snacks",--•-- MINS•₹300 FOR TWO,CHOWPATTY
https://www.swiggy.com/restaurants/chaayos-meri-wali-chai-chaayos-churchgate-chowpatty-mumbai-331794,Chaayos Meri Wali Chai,"Bakery, Beverages, Cafe, Chaat, Desserts, Fast Food, Home Food, Italian, Maharas...",4.4•-- MINS•₹250 FOR TWO,CHOWPATTY
https://www.swiggy.com/restaurants/al-bareek-jamnadas-bldg-chowpatty-mumbai-205613,Al bareek,"Chinese, Indian",--•-- MINS•₹300 FOR TWO,CHOWPATTY
https://www.swiggy.com/restaurants/bites-of-joy-chowpatty-mumbai-355965,BITES OF JOY,"Pizzas, Snacks",--•-- MINS•₹300 FOR TWO,CHOWPATTY
https://www.swiggy.com/restaurants/balwas-restaurant-chowpatty-mumbai-374009,BALWAS RESTAURANT,"Chinese, Tandoor, Biryani, Salads, Snacks, Seafood, Beverages, Desserts",--•-- MINS•₹800 FOR TWO,CHOWPATTY
https://www.swiggy.com/restaurants/i-sukhani-papad-chowpatty-mumbai-313445,I Sukhani Papad,Gujarati,--•-- MINS•₹200 FOR TWO,CHOWPATTY
https://www.swiggy.com/restaurants/usmaniya-hotel-chowpatty-mumbai-101849,Usmaniya Hotel,"North Indian, Chinese, Tandoor",--•-- MINS•₹600 FOR TWO,CHOWPATTY
https://www.swiggy.com/restaurants/jilani-fast-food-corner-khara-tank-road-chowpatty-mumbai-25000,Jilani Fast Food Corner,"Fast Food, Lucknowi, Mughlai",4.0•-- MINS•₹350 FOR TWO,CHOWPATTY
https://www.swiggy.com/restaurants/pappasta-cafe-sikka-nagar-chowpatty-mumbai-124049,Pappasta Cafe,Indian,4.6•-- MINS•₹300 FOR TWO,CHOWPATTY
https://www.swiggy.com/restaurants/zee-chinese-and-tawa-chowpatty-mumbai-230134,Zee Chinese and Tawa,"Chinese, Indian, Italian",--•-- MINS•₹300 FOR TWO,CHOWPATTY
https://www.swiggy.com/restaurants/k-bhagat-tarachand-chowpatty-mumbai-384044,K BHAGAT TARACHAND,"Indian, Thalis, Tandoor, Beverages, Desserts",--•-- MINS•₹400 FOR TWO,CHOWPATTY
https://www.swiggy.com/restaurants/aroy-kitchen-chowpatty-mumbai-384286,Aroy Kitchen,"Thai, Chinese",--•-- MINS•₹800 FOR TWO,CHOWPATTY
https://www.swiggy.com/restaurants/sanjay-vegetarian-corner-and-juice-center-j-s-s-road-thakurdwar-girgaon-chowpatty-mumbai-171239,Sanjay Vegetarian Corner & Juice Center,Fast Food,3.9•-- MINS•₹200 FOR TWO,CHOWPATTY
https://www.swiggy.com/restaurants/mini-delhi-byculla-chowpatty-mumbai-30966,Mini Delhi,"Mughlai, Chinese",3.7•-- MINS•₹400 FOR TWO,CHOWPATTY
https://www.swiggy.com/restaurants/zoetto-chowpatty-mumbai-384849,ZOETTO,Ice Cream,--•-- MINS•₹400 FOR TWO,CHOWPATTY
https://www.swiggy.com/restaurants/sufys-kanafeh-point-south-chowpatty-mumbai-106975,Sufy's Kanafeh Point,"Turkish, Lebanese",--•-- MINS•₹500 FOR TWO,CHOWPATTY
https://www.swiggy.com/restaurants/krishna-murari-chowpatty-mumbai-301473,KRISHNA MURARI,Indian,4.3•-- MINS•₹200 FOR TWO,CHOWPATTY
https://www.swiggy.com/restaurants/gujju-ben-na-nasta-chowpatty-mumbai-346129,Gujju Ben na Nasta,Snacks,4.3•-- MINS•₹300 FOR TWO,CHOWPATTY
https://www.swiggy.com/restaurants/cake-centre-sardar-vallabbhai-patel-road-chowpatty-mumbai-156891,Cake Centre,"Bakery, Desserts",4.4•-- MINS•₹350 FOR TWO,CHOWPATTY
https://www.swiggy.com/restaurants/mcdonalds-fort-chowpatty-mumbai-23757,McDonald's,Fast Food,4.3•-- MINS•₹400 FOR TWO,CHOWPATTY
https://www.swiggy.com/restaurants/the-breadstory-halal-chowpatty-mumbai-261197,The Breadstory-(Halal),Fast Food,--•-- MINS•₹250 FOR TWO,CHOWPATTY
https://www.swiggy.com/restaurants/grameen-kulfi-kalbadevi-chowpatty-mumbai-351133,Grameen Kulfi,"Ice Cream, Desserts",4.3•-- MINS•₹120 FOR TWO,CHOWPATTY
https://www.swiggy.com/restaurants/chinese-wok-wok-express-churchgate-chowpatty-mumbai-28408,Chinese Wok (Wok Express),"Chinese, Asian",3.8•-- MINS•₹250 FOR TWO,CHOWPATTY
https://www.swiggy.com/restaurants/shiva-paan-plaza-chowpatty-mumbai-147025,Shiva Paan Plaza,"Fast Food, Desserts",--•-- MINS•₹500 FOR TWO,CHOWPATTY
https://www.swiggy.com/restaurants/jubilee-kitchen-chowpatty-mumbai-202116,Jubilee kitchen,"Fast Food, Snacks",--•-- MINS•₹250 FOR TWO,CHOWPATTY
https://www.swiggy.com/restaurants/the-great-kepsa-house-chowpatty-mumbai-297370,The Great Kepsa House,"Biryani, North Indian, Mughlai",4.1•-- MINS•₹300 FOR TWO,CHOWPATTY
https://www.swiggy.com/restaurants/shiv-sagar-girgaum-chowpatty-mumbai-33660,Shiv Sagar,"South Indian, Fast Food, North Indian, Chinese, Biryani",4.1•-- MINS•₹400 FOR TWO,CHOWPATTY
https://www.swiggy.com/restaurants/aram-milk-bar-fort-colaba-chowpatty-mumbai-231456,Aram (Milk Bar),Fast Food,4.5•-- MINS•₹200 FOR TWO,CHOWPATTY
https://www.swiggy.com/restaurants/manavi-restaurant-chowpatty-mumbai-301124,MANAVI RESTAURANT,Hyderabadi,--•-- MINS•₹200 FOR TWO,CHOWPATTY
https://www.swiggy.com/restaurants/nizams-authentic-hyderabadi-cuisine-chowpatty-mumbai-373390,Nizam's- Authentic Hyderabadi cuisine.,"Hyderabadi, Biryani, Indian",--•-- MINS•₹280 FOR TWO,CHOWPATTY
https://www.swiggy.com/restaurants/hamdan-fast-food-byculla-chowpatty-mumbai-229380,Hamdan Fast Food,Fast Food,--•-- MINS•₹200 FOR TWO,CHOWPATTY
